Channel,Tactic,Target Pages,Execution Detail,Expected Outcome,Priority
Founder-led LinkedIn,Weekly local SEO teardown posts,"Optimization checklist, audit tool, industry pages",Post screenshots of public GBP issues and fixes; CTA to audit tool,Brand + referral traffic + natural links,P1
Doctor/clinic communities,Clinic GBP audit checklist,Doctors & clinics industry page,"Share practical checklist, not sales pitch",Healthcare leads,P1
Agency partnerships,White-label report + webinar,"Agency page, reporting page",Offer free client report template and co-sell managed service,Agency demos,P1
YouTube shorts/Reels,GBP mistakes series,Guides and feature pages,Repurpose each guide into 30–60 sec clips,Discovery + branded searches,P2
Guest posts,Local SEO/GBP guides,"Optimization, reviews, posts",Pitch practical articles to marketing/SMB blogs,Authority backlinks,P2
Free tools,Audit/description/reply generators,/tools/ pages,Launch tools on directories and founder communities,Product-led backlinks,P1
Case studies,Before-after GBP growth stories,"Industry pages, service pages",Publish after first 3–5 clients,Trust + sales conversion,P1
Templates,Review reply/post calendar downloads,Review and posts pages,Offer downloadable templates bloggers can cite,Links + email capture,P2
Data reports,India GBP benchmark report,"Homepage, industry pages",Aggregate anonymized profile quality/ranking benchmarks,PR/link magnet,P3
Comparison content,Pinzo vs manual management,Comparison pages,Promote via sales outreach and retargeting,BOFU conversion,P3
