SEO Entry Intent,Best Lead Magnet,Recommended CTA Copy,Pinzo Product Tie-in,Lead Quality,Notes
Setup / add business,GBP Setup Checklist,Get the free GBP setup checklist,Pinzo onboarding / managed setup,Medium,Capture users before verification.
Verification problems,Verification Readiness Checker,Check if your profile is ready for verification,Managed service / consultation,High,High pain; fast sales opportunity.
Optimization / SEO,Free GBP Audit,Run a free Google Business Profile audit,Pinzo audit score + paid plan,Very High,Main SEO conversion asset.
Reviews,AI Review Reply Generator,Generate a professional reply,AI review replies + review management,High,Show product value instantly.
Bad reviews,Review Risk Analyzer,See what you can ethically do next,Review management / managed response,High,Be policy-safe; no fake removal promises.
Posts,30-Day Google Posts Calendar,Generate 30 post ideas,Posts scheduler,Medium,Great for remarketing and activation.
Services / categories,Services & Category Finder,Find missing services and categories,AI service extraction / optimization,High,Directly maps to Pinzo module.
Photos/logo,GBP Visual Checklist,Check your profile visual score,Listing quality score,Medium,Easy TOFU lead capture.
Agency buyers,White-label Report Sample,Download sample GBP client report,Agency plan / reporting,Very High,BOFU for agencies.
Multi-location brands,Location Governance Checklist,Audit your location workflow,"RBAC, dashboard, reports",Very High,Enterprise/multi-location sales.
