Source Page,Must Link To,Anchor Text Examples,Reason,Frequency / Placement
/google-business-profile-management-tool/,/features/google-review-management/,Google review management software; AI review replies,Push product feature authority,Above fold + features section
/google-business-profile-management-tool/,/features/google-posts-scheduler/,Google Posts scheduler; schedule Google Business Profile posts,Connect product to post cluster,Features section
/google-business-profile-management-tool/,/features/geo-grid-rank-tracker/,Google Business Profile rank tracker; geo-grid tracking,Local SEO differentiation,Features section
/google-business-profile-management-tool/,/guides/google-business-profile-optimization-checklist/,GBP optimization checklist; profile health score,Educational support,Blog/resource section
/guides/add-business-to-google-maps/,/guides/google-business-profile-verification/,verify your Business Profile; verification checklist,Natural next step after setup,Step section
/guides/google-business-profile-verification/,/google-my-business-management-service/,managed Google Business Profile setup,Convert high-pain users,CTA after troubleshooting
/guides/google-business-profile-optimization-checklist/,/guides/google-my-business-services/,Google Business Profile services section,Deep optimization link,Checklist item
/guides/google-business-profile-optimization-checklist/,/guides/google-business-profile-categories-list/,choose the right GBP category,Deep optimization link,Checklist item
/guides/google-business-profile-optimization-checklist/,/features/google-review-management/,review management workflow,Feature conversion,Review section
/guides/google-business-profile-photo-size/,/guides/google-my-business-logo-size/,logo size for Google Business Profile,Topical sibling link,Intro + end
/guides/google-business-profile-posts-examples/,/features/google-posts-scheduler/,schedule Google Business Profile posts,Feature conversion,CTA after examples
/guides/remove-bad-google-reviews/,/features/google-review-management/,manage and reply to Google reviews,Feature conversion,After policy explanation
/industries/doctors-clinics-google-business-profile/,/guides/google-my-business-services/,clinic services on Google Business Profile,Industry topical proof,Services section
/industries/doctors-clinics-google-business-profile/,/features/google-review-management/,doctor review management,Conversion module,Reviews section
/agencies/google-business-profile-management-software/,/features/google-business-profile-reporting/,white-label GBP reporting,Agency pain point,Reporting section
/features/google-business-profile-reporting/,/agencies/google-business-profile-management-software/,GBP reporting software for agencies,BOFU path,CTA/sidebar
