Phase,URL,Page Title,Page Type,Primary Keyword,Top Keyword Variants,Mapped KW Count,Mapped Volume,Avg KD,Business Fit,Search Intent,Main CTA,Content Modules,Internal Links,Schema,Moat / Differentiator
P1 / Month 1,/google-business-profile-management-tool/,Google Business Profile Management Tool,Product Landing,google my business,"google my business, my google business profile, google my business profile, google my business listing, google my business ads",2155,285540,65.1,5,BOFU,Start free trial + Run free GBP audit,Problem; dashboard screenshots; multi-location workflows; AI review replies; posts; rank tracker; profile audit; reporting; pricing; FAQs.,"Review Management, Posts Scheduler, GBP Audit, Rank Tracker, Agencies, Doctors & Clinics","SoftwareApplication, FAQPage, BreadcrumbList",Interactive audit preview + screenshots + use-case videos.
P1 / Month 1,/guides/google-business-profile-verification/,Google Business Profile Verification Guide,Guide,google my business code,"google my business code, google my business verification, google my business letter, google my business postcard, google verify my business",256,7470,37,5,MOFU,Check verification readiness,Verification methods; postcard/phone/email/video; common delays; code problems; bulk verification; checklist; FAQs.,"Add Business, Ownership Transfer, Support Guide, Managed Service","HowTo, FAQPage",Verification readiness checklist.
P1 / Month 1,/guides/google-business-profile-optimization-checklist/,Google Business Profile Optimization Checklist,Pillar Guide,google my business optimization,"google my business optimization, google my business seo, optimise google my business, google my business rank checker, how to do seo for google my business",173,2080,59.8,5,MOFU / BOFU,Run free GBP audit,NAP; primary category; services; description; photos; reviews; posts; Q&A; products; rank tracking; performance metrics.,"Category Guide, Services, Review Management, Posts Scheduler, Rank Tracker","Article, FAQPage",100-point GBP score framework.
P1 / Month 1,/features/google-posts-scheduler/,Google Posts Scheduler for Business Profiles,Feature Landing,google my business offers,"google my business offers, google my business posts, google my business updates, google posts my business, google my business new updates",213,1530,55,5,BOFU,Schedule first Google Post,Schedule posts; bulk posts; offers/events/products; approval workflow; examples by industry; analytics.,"Posts Examples, Photo Size, Industry Post Ideas","SoftwareApplication, FAQPage",Free post calendar by business category.
P1 / Month 1,/guides/remove-bad-google-reviews/,How to Remove Bad Google Reviews,Troubleshooting Guide,how to remove bad reviews from google my business,"how to remove bad reviews from google my business, how to remove google reviews from my business, how to delete google my business reviews, can you remove reviews from google my business, delete google my business reviews",29,990,36.5,5,MOFU / BOFU,Analyze review risk / Get reply suggestion,What can/can't be removed; policy violations; flagging; response templates; escalation; prevention.,"Review Management, Review Link Guide, Managed Service","Article, FAQPage",Policy-safe review response templates.
P1 / Month 1,/features/google-review-management/,Google Review Management Software,Feature Landing,google my business reviews,"google my business reviews, fake reviews on google my business, google my business review guidelines, google my business reviews widget, how to write a review on google my business",171,990,74,5,BOFU,Connect GBP / Try AI review replies,Unified inbox; AI replies; sentiment tags; SLA; multi-location review analytics; templates; compliance; examples.,"Review Link Guide, Remove Bad Reviews, AI Review Replies, Industries","SoftwareApplication, FAQPage",Free Google review reply generator and reply examples library.
P1 / Month 1,/google-my-business-management-service/,Google My Business Management Service,Service Landing,google my business agency,"google my business agency, google my business expert, google my business management service, google my business company, google my business agency dashboard",34,550,28,5,BOFU,Book consultation / WhatsApp Pinzo team,"Pain points; what is managed; weekly/monthly deliverables; before-after examples; pricing ₹9,999 managed service; proof; FAQs.","Optimization Service, Doctors Clinics, Reviews, Posts, Reporting","Service, FAQPage, BreadcrumbList",Managed-service checklist + sample monthly report.
P2 / Month 2,/guides/google-business-profile-suspended/,Google Business Profile Suspended: Fix Guide,Troubleshooting Guide,google my business suspended,"google my business suspended, google my business suspended due to quality issues, how to fix suspended google my business, google has suspended my business page, google my business appeal",41,440,43,5,MOFU,Suspension checklist / Consultation,Common causes; soft vs hard suspension; document checklist; appeal steps; mistakes; FAQs.,"Verification, Support, Ownership, Managed Service","Article, FAQPage",Suspension readiness checklist.
P2 / Month 2,/guides/google-my-business-review-link/,Google My Business Review Link Guide,Guide,google my business review link,"google my business review link, how do i share my google business review link, how to get google my business review link, how to get google review link for my business, generate google my business review link",25,400,56,5,MOFU / BOFU,Generate review request workflow,How to find link; share link; QR; WhatsApp templates; policy-safe review requests; tracking.,"Review Management, Remove Bad Reviews, Industry Pages","HowTo, FAQPage",WhatsApp review request templates.
P1 / Month 1,/google-my-business-optimization-service/,Google My Business Optimization Service,Service Landing,google my business optimization service,"google my business optimization service, google my business optimisation service, google my business optimization service india, google my business ranking services, google my business seo services",9,170,,5,BOFU,Get profile optimization audit,Optimization checklist; category/services; description; photos; reviews; posts; local rank tracking; monthly plan; case study.,"Optimization Checklist, Rank Tracker, Services Guide, Description Examples","Service, FAQPage",Free listing score / profile health score.
P1 / Month 1,/guides/add-business-to-google-maps/,How to Add Your Business to Google Maps,Guide,add my business to google,"add my business to google, google my business sign up, add my business to google maps, how to add my business to google, how to list my business on google",556,14450,60.3,4,TOFU / BOFU,Create profile checklist + Pinzo onboarding,Step-by-step; eligibility; categories; address/service area; verification; photos; services; posts; reviews.,"Verification, Categories, Services, Description Examples, Optimization Service","HowTo, FAQPage",Printable setup checklist.
P2 / Month 2,/guides/google-business-profile-ownership-transfer/,Google Business Profile Ownership Transfer Guide,Guide,claim my business on google,"claim my business on google, google my business claim business, google my business access, access google my business, google my business api access",103,1310,48,4,TOFU,Check access risk,Owner/manager roles; request ownership; transfer; lost access; agency handover; security checklist.,"Verification, Support, Agency Page","HowTo, FAQPage",Access audit checklist.
P1 / Month 1,/guides/google-my-business-services/,Google My Business Services Section Guide,Guide,google my business services,"google my business services, google my business listing services, google my business menu, google my business services section, service area google my business",39,1300,35,4,TOFU / BOFU,Generate missing services using AI,What services are; how to add; category relevance; examples by industry; avoid spam; service extraction from website.,"Categories List, Description Examples, Doctors Clinics, Optimization Checklist","HowTo, FAQPage",Free services extractor preview.
P2 / Month 2,/guides/google-business-profile-posts-examples/,Google Business Profile Posts Examples,Guide,google my business post image size,"google my business post image size, google my business posts examples, google my business post size, google my business posts size, examples of google my business posts",43,750,26,4,TOFU,Generate 30 post ideas,Post types; examples by doctors/restaurants/jewellers; image specs; frequency; CTA ideas.,"Posts Scheduler, Photo Size, Industry Pages","Article, FAQPage",30-day GBP post calendar.
P2 / Month 2,/features/google-business-profile-reporting/,Google Business Profile Reporting & Insights,Feature Landing,google my business api has not been used in project,"google my business api has not been used in project, google my business insights api, how to get google my business api key, export google my business data, google analytics google my business",169,410,,4,BOFU,See sample white-label report,Performance metrics; location ranking; review metrics; posts; calls/directions; exports; white-label report.,"Agencies, Multi-location, API Guide, Rank Tracker","SoftwareApplication, FAQPage",Sample report download.
P1 / Month 1,/guides/google-business-profile-description-examples/,Google Business Profile Description Examples,Guide,google my business description,"google my business description, all about google my business, google my business about, about google my business, google my business description guidelines",29,230,,4,TOFU,Generate your GBP description,Rules; formula; examples by industry; bad vs good; SEO-safe wording; generator CTA.,"Services, Categories, Industry Pages, Managed Service","Article, FAQPage",Interactive description generator.
P2 / Month 2,/guides/google-business-profile-categories-list/,Google Business Profile Categories List & Selection Guide,Guide,google my business categories list,"google my business categories list, business categories in google my business, google my business all categories, google my business categories, google my business category not listed",69,160,,4,TOFU,Find right category,Primary vs secondary; category examples; mistakes; category change risk; industry examples.,"Optimization Checklist, Services, Industry Pages","Article, FAQPage",Category selection decision tree.
P2 / Month 2,/guides/is-google-my-business-free/,Is Google My Business Free?,Guide,is google my business free,"is google my business free, how to advertise my business on google for free, does google my business cost money, google my business free listing, google my business cost",55,4800,48.5,3,TOFU,Estimate management cost vs ROI,Free GBP; what costs money; time cost; managed service pricing; tool pricing; ROI.,"Pricing, Managed Service, Optimization Service","Article, FAQPage",GBP ROI calculator.
P2 / Month 2,/guides/edit-google-business-profile/,How to Edit Google Business Profile,Guide,google my business free website,"google my business free website, edit my google business, google my business website, google my business customer service phone number, google my business phone number",363,3490,71.2,3,TOFU,Audit business info accuracy,Name; address; phone; website; hours; categories; services; photos; changes under review.,"Optimization Checklist, Hours, Services, Categories","HowTo, FAQPage",NAP consistency checklist.
P1 / Month 1,/guides/google-business-profile-photo-size/,Google Business Profile Photo & Cover Size Guide,Guide,google my business cover photo size,"google my business cover photo size, google my business images, google my business cover photo, google my business photo size, google my business profile photo size",229,2170,24,3,TOFU,Audit profile visual score,Cover; logo; posts image size; quality rules; examples; mistakes; industry photo checklist.,"Logo Size, Posts Examples, Optimization Checklist","Article, FAQPage",Visual checklist + downloadable image size sheet.
P1 / Month 1,/guides/google-business-profile-questions-and-answers/,Google Business Profile Q&A Guide,Guide,google my business questions and answers,"google my business questions and answers, google my business answers, google my business certification answers, google my business assessment answers, google my business basics assessment answers",23,1050,26,3,TOFU,Generate Q&A set for your business,What Q&A is; how to seed questions; examples by industry; moderation; conversion questions.,"Optimization Checklist, Review Management, Industry Pages",FAQPage,Industry Q&A templates.
P1 / Month 1,/guides/google-my-business-logo-size/,Google My Business Logo Size Guide,Guide,google my business logo,"google my business logo, google my business logo png, google my business logo size, google my business logo dimensions, google my business logo image size",41,1010,27,3,TOFU,Check profile completeness,Logo dimensions; file type; upload steps; why logo may not show; examples; troubleshooting.,"Photo Size, Edit Profile, Optimization Checklist","Article, FAQPage",Logo upload troubleshooting flowchart.
P3 / Month 4,/guides/google-business-profile-login/,Google Business Profile Login Guide,Guide,google my business login,"google my business login, google my business account, google my business app, google my business app download, how to create google my business account",351,35980,59.8,1,TOFU / BOFU,Manage all locations in Pinzo,How to access GBP; Maps/Search access; app confusion; multiple accounts; agency access.,"Ownership Transfer, Management Tool, Agencies","Article, FAQPage",Account access troubleshooting.
P3 / Month 4,/guides/google-business-profile-support/,Google Business Profile Support: Official Help Options,Official Support Guide,google my business customer care number,"google my business customer care number, google my business support, google my business support phone number 24/7, google my business helpline number, contact number for google my business",201,6610,68.6,1,TOFU,Get Pinzo-managed profile audit,Official support routes; no fake phone-number claim; common help topics; troubleshooting links; safety warning.,"Verification, Suspension, Ownership, Managed Service","Article, FAQPage",Trust-first guide that avoids impersonation.
P1 / Month 1,/agencies/google-business-profile-management-software/,Google Business Profile Management Software for Agencies,Agency Landing,google business profile management software for agencies,"agency GBP software, white label GBP reports, client location dashboard",,,,5,BOFU,Book agency demo,Client workspace; white-label reporting; RBAC; review replies; posts; approvals; pricing,"Reporting, Review Management, Posts Scheduler, Management Tool","SoftwareApplication, FAQPage",Sample white-label report + agency calculator
P1 / Month 1,/industries/doctors-clinics-google-business-profile/,Google Business Profile Management for Doctors & Clinics,Industry Landing,google business profile management for doctors,"clinic GMB optimization, doctor Google reviews, healthcare local SEO",,,,5,BOFU,Book healthcare GBP audit,Patient discovery; reviews; services; appointment links; doctor profiles; monthly managed plan,"Managed Service, Review Management, Verification, Services Guide","Service, FAQPage",Healthcare-specific audit + Maa Nursing Home-style case study once ready
P2 / Month 2,/features/geo-grid-rank-tracker/,Geo-Grid Rank Tracker for Google Business Profile,Feature Landing,google my business rank checker,"local rank tracker, GBP rank tracker, map rank tracker",,,,5,BOFU,Run sample geo-grid scan,Geo-grid visualization; keyword tracking; competitor map; reporting; alerts,"Optimization Checklist, Reporting, Agencies","SoftwareApplication, FAQPage",Free sample geo-grid result
P2 / Month 2,/features/gmb-profile-audit-tool/,Google Business Profile Audit Tool,Feature Landing,google business profile audit tool,"GMB audit checklist, GBP score, profile health score",,,,5,BOFU,Run free audit,Scorecard; profile completeness; missing services; photos; review gaps; posting gaps; competitor gaps,"Optimization Checklist, Services, Photo Size, Review Management","SoftwareApplication, FAQPage",Free audit tool as SEO lead magnet
P2 / Month 3,/industries/jewellery-stores-google-business-profile/,Google Business Profile Management for Jewellery Stores,Industry Landing,jewellery store google business profile,"jewelry local SEO, jewellery store reviews, jewellery store Google Maps",,,,4,BOFU,Run jewellery store GBP audit,Local discovery; photos; product posts; reviews; seasonal offers; store visits,"Posts Scheduler, Review Management, Photo Guide","Service, FAQPage",Jewellery-specific local visibility checklist
P2 / Month 3,/industries/restaurants-google-business-profile/,Google Business Profile Management for Restaurants,Industry Landing,restaurant google business profile,"restaurant Google reviews, menu posts, local restaurant SEO",,,,4,BOFU,Run restaurant GBP audit,Menus; photos; offers; reviews; hours; Q&A; delivery links,"Services, Posts, Reviews, Hours","Service, FAQPage",Restaurant post and review template pack
P2 / Month 3,/industries/salons-google-business-profile/,Google Business Profile Management for Salons,Industry Landing,salon google business profile,"salon Google reviews, local salon SEO, salon Google posts",,,,4,BOFU,Run salon GBP audit,Services; appointments; before-after photos; reviews; offers; service area,"Services, Photo Guide, Posts, Reviews","Service, FAQPage",Salon service/category templates
P2 / Month 3,/industries/coaching-classes-google-business-profile/,Google Business Profile Management for Coaching Classes,Industry Landing,coaching class google business profile,"coaching classes local SEO, Google reviews for classes",,,,4,BOFU,Run coaching GBP audit,Courses; batches; reviews; Q&A; posts; branch pages,"Posts, Reviews, Q&A","Service, FAQPage",Admissions-focused post templates
P3 / Month 4,/industries/multi-location-brands-google-business-profile/,Google Business Profile Management for Multi-Location Brands,Industry Landing,multi location google business profile management,"multi location GBP dashboard, franchise Google profiles",,,,5,BOFU,Book brand demo,Governance; roles; location sync; reports; approval flows; performance dashboard,"Management Tool, Reporting, Agencies","SoftwareApplication, Service, FAQPage",Location governance framework
P3 / Month 4,/comparisons/pinzo-vs-manual-google-business-profile-management/,Pinzo vs Manual GBP Management,Comparison Page,google business profile management tool vs manual,"manual GBP management problems, GBP dashboard alternative",,,,4,BOFU,See Pinzo workflow,Manual process pain; cost of operations; workflow comparison; ROI,"Management Tool, Managed Service, Agencies",FAQPage,Operational cost calculator
