Source,Usage,URL
Google SEO Starter Guide,Official SEO best-practice reference,https://developers.google.com/search/docs/fundamentals/seo-starter-guide
Google Search Essentials,Eligibility and technical/content fundamentals for Google Search,https://developers.google.com/search/docs/essentials
"Helpful, reliable, people-first content",Google quality framework for content strategy,https://developers.google.com/search/docs/fundamentals/creating-helpful-content
Google Business Profile official product page,Official GBP positioning and features,https://business.google.com/en-all/business-profile/
Google Business Profile Help,"Official help topics: add, verify, manage, photos, reviews",https://support.google.com/business/
Business Profile APIs reference overview,Official API scope for managing business location information,https://developers.google.com/my-business/ref_overview
Work with review data - GBP APIs,"Official review API operations: list, get, reply, delete review reply",https://developers.google.com/my-business/content/review-data
Create & manage posts on your Business Profile,Official posts/updates functionality reference,https://support.google.com/business/answer/7342169
Edit your Business Profile,Official profile edit / information accuracy reference,https://support.google.com/business/answer/3039617
