Area,Requirement,Priority,Owner,Notes
Indexation,"Submit XML sitemap and keep separate sitemaps for guides, features, industries, tools",P1,Bhav/Dev,Use lastmod only when pages materially change.
Robots,Ensure important pages are indexable and no accidental noindex on landing pages,P1,Dev,Check robots.txt and meta robots.
URL Structure,"Use stable, short, lowercase hyphenated URLs",P1,Dev/SEO,Do not change URLs after indexing without redirects.
Canonical,Self-canonical on unique pages; canonical near-duplicate pSEO pages carefully,P1,Dev,Avoid canonicalizing all city pages to one parent if they are meant to rank.
Schema,"Add SoftwareApplication, Service, HowTo, FAQPage, BreadcrumbList where relevant",P1,Dev/SEO,Validate in Rich Results Test where applicable.
Internal Links,Every new page should have 5–12 contextual internal links,P1,SEO,Use exact/partial anchors without stuffing.
Core Web Vitals,Keep landing pages lightweight; compress screenshots; lazy-load below-fold media,P1,Dev,SEO pages should not be bloated by heavy app JS.
Content Rendering,Ensure content is server-rendered or pre-rendered,P1,Dev,Avoid Google needing client-side JS for primary content.
Tracking,"Track audit CTA, demo CTA, WhatsApp click, pricing view, tool usage, signup",P1,Marketing/Dev,"Needed to connect SEO to leads, not just traffic."
GSC Setup,"Create page-type filters in Search Console: /guides/, /features/, /industries/, /tools/",P1,SEO,Review queries weekly after indexation.
Programmatic QA,"No pSEO page should launch without unique intro, unique examples, and internal links",P2,SEO,Prevent thin/doorway page risk.
Image SEO,Use descriptive file names and alt text for screenshots and GBP examples,P2,SEO/Design,Capture image search and improve accessibility.
Content Updates,Refresh high-traffic GBP guides every 60–90 days,P2,SEO,GBP interface/processes change often.
Logs/Crawl,Review crawl errors and 404s monthly,P2,Dev,Especially after content velocity increases.
Disclaimers,Support/contact pages must state Pinzo is not Google and link to official support,P1,SEO/Legal,Avoid impersonation risk.
